hz,magnitude
0,4.5991e-14
20,7.14692e-14
40,1.19826e-13
60,6.17859e-14
80,1.68834e-13
100,1.47876e-13
120,1.86652e-13
140,3.39746e-13
160,3.60408e-13
180,1.33007e-13
200,8.64666e-13
220,1102.5
240,7.13446e-13
260,2.93392e-13
280,2.3707e-13
300,5.41154e-13
320,2.01573e-13
340,5.34549e-14
360,2.07793e-13
380,3.19962e-13
400,1.96993e-13
420,1.11052e-13
440,3.56772e-13
460,2.05681e-13
480,4.74074e-13
500,1.20886e-13
520,1.76831e-13
540,9.5299e-14
560,1.42552e-13
580,1.61351e-13
600,1.33469e-13
620,8.85618e-14
640,1.07774e-13
660,6.81638e-14
680,1.91007e-12
700,2.60146e-13
720,2.14056e-14
740,3.85212e-14
760,3.49576e-14
780,7.9308e-14
800,1.45334e-14
820,1.07595e-13
840,2.09476e-13
860,1.59429e-13
880,5.88066e-14
900,1.10036e-12
920,1.04835e-13
940,7.65024e-14
960,2.4412e-13
980,1.82023e-13
1000,3.38383e-13
1020,1.45915e-12
1040,3.67916e-13
1060,2.43898e-13
1080,2.75634e-13
1100,2.14715e-14
1120,7.70332e-14
1140,1.56312e-12
1160,1.0197e-13
1180,9.3379e-14
1200,1.26733e-13
1220,1.28887e-13
1240,6.68296e-14
1260,2.23473e-13
1280,2.71167e-13
1300,2.35524e-13
1320,8.30323e-14
1340,2.39518e-13
1360,2.69727e-13
1380,1.23453e-13
1400,1.618e-13
1420,7.90915e-13
1440,1.87038e-13
1460,1.02323e-13
1480,2.55748e-13
1500,1.19919e-13
1520,1.5947e-13
1540,1.77922e-13
1560,3.93805e-13
1580,6.8938e-13
1600,1.85271e-13
1620,2.26091e-13
1640,1.11168e-12
1660,6.93578e-13
1680,9.00809e-14
1700,1.90384e-13
1720,1.08367e-13
1740,1.61417e-13
1760,1.9952e-13
1780,2.74863e-13
1800,2.2254e-12
1820,5.58224e-13
1840,2.4598e-13
1860,8.80864e-13
1880,6.20541e-13
1900,1.34926e-13
1920,6.12488e-13
1940,3.63707e-13
1960,2.06663e-13
1980,4.4831e-13
2000,3.37485e-13
2020,9.5812e-14
2040,3.15017e-13
2060,2.00737e-13
2080,2.11222e-13
2100,3.56752e-13
2120,4.18586e-13
2140,2.76155e-13
2160,5.95622e-14
2180,8.34907e-14
2200,7.01324e-13
2220,1.71706e-13
2240,9.94232e-13
2260,5.04635e-13
2280,5.88968e-13
2300,4.98914e-13
2320,2.16303e-13
2340,6.53229e-14
2360,6.585e-13
2380,1.64301e-13
2400,1.09561e-13
2420,1.62946e-13
2440,2.69198e-13
2460,3.19734e-13
2480,1.49309e-13
2500,9.80891e-13
2520,2.35965e-13
2540,2.21838e-13
2560,2.35513e-13
2580,8.45712e-13
2600,1.4416e-13
2620,1.32837e-13
2640,1.35252e-12
2660,2.12504e-13
2680,1.11065e-12
2700,6.19828e-13
2720,1.96497e-12
2740,3.64783e-12
2760,1.49275e-13
2780,8.03835e-13
2800,7.19645e-13
2820,1.97721e-13
2840,3.16624e-13
2860,1.88064e-13
2880,6.77856e-13
2900,4.07014e-13
2920,4.81221e-13
2940,5.12177e-13
2960,6.1913e-13
2980,1.46702e-13
3000,1.57137e-13
3020,2.43825e-13
3040,3.6725e-14
3060,2.28946e-13
3080,2.24324e-13
3100,2.12825e-13
3120,2.04807e-13
3140,3.69853e-13
3160,5.18367e-13
3180,6.34574e-13
3200,5.60405e-13
3220,1.00175e-12
3240,5.37064e-13
3260,5.69864e-13
3280,6.05437e-13
3300,9.27991e-13
3320,1.7124e-12
3340,5.48476e-13
3360,4.33922e-13
3380,5.73926e-13
3400,1.03186e-12
3420,5.98908e-13
3440,8.78557e-13
3460,3.05714e-12
3480,4.44985e-13
3500,1.23081e-13
3520,2.21385e-13
3540,2.61143e-13
3560,2.03192e-12
3580,2.59723e-13
3600,1.36431e-12
3620,1.74452e-12
3640,1.26468e-12
3660,9.4512e-13
3680,6.7233e-13
3700,2.52109e-13
3720,1.39836e-12
3740,1.00611e-12
3760,1.22268e-12
3780,4.7358e-13
3800,6.77253e-13
3820,4.65818e-13
3840,4.762e-13
3860,3.59953e-12
3880,4.64331e-13
3900,7.17713e-13
3920,1.46998e-12
3940,2.07585e-13
3960,2.36531e-13
3980,5.10667e-13
4000,1.27558e-13
4020,9.87239e-13
4040,6.09007e-13
4060,7.49115e-13
4080,9.74262e-13
4100,7.55582e-13
4120,6.21048e-14
4140,6.50329e-13
4160,2.02069e-12
4180,1.62e-12
4200,5.49851e-13
4220,4.51307e-13
4240,3.51435e-13
4260,9.36331e-13
4280,4.92941e-13
4300,1.25979e-13
4320,5.40111e-13
4340,8.24296e-12
4360,8.05744e-13
4380,7.5257e-13
4400,4.2412e-13
4420,7.89622e-13
4440,3.04952e-12
4460,5.69545e-13
4480,1.75977e-13
4500,1.65247e-12
4520,1.4983e-12
4540,2.43885e-13
4560,8.84832e-13
4580,1.8993e-13
4600,4.17379e-13
4620,8.46075e-13
4640,2.37678e-12
4660,1.02908e-12
4680,1.02959e-12
4700,1.80488e-12
4720,1.43231e-12
4740,8.0666e-13
4760,3.55885e-13
4780,7.449e-13
4800,4.32971e-13
4820,5.59124e-13
4840,2.9339e-13
4860,1.63921e-12
4880,3.65716e-13
4900,8.00628e-12
4920,1.28782e-13
4940,1.06954e-12
4960,9.60156e-13
4980,1.15524e-12
5000,1.49499e-13
5020,9.29446e-13
5040,9.86481e-13
5060,1.0104e-13
5080,9.88369e-12
5100,1.64873e-12
5120,3.86492e-13
5140,1.32088e-12
5160,4.92601e-13
5180,5.38786e-13
5200,1.69344e-13
5220,1.98845e-13
5240,1.55919e-12
5260,2.29318e-13
5280,2.25498e-12
5300,9.68117e-13
5320,6.65245e-13
5340,9.01919e-13
5360,1.05643e-12
5380,5.3468e-13
5400,1.94169e-12
5420,6.48906e-13
5440,9.15153e-13
5460,1.63658e-12
5480,1.19298e-12
5500,7.56223e-13
5520,3.27719e-13
5540,6.01597e-13
5560,1.72941e-11
5580,1.52596e-13
5600,3.83486e-13
5620,1.92773e-12
5640,6.63343e-13
5660,1.05409e-12
5680,8.79138e-13
5700,1.67824e-12
5720,8.81436e-13
5740,6.93832e-13
5760,1.57318e-12
5780,6.82562e-12
5800,9.23693e-13
5820,9.42057e-13
5840,3.01692e-12
5860,4.8853e-13
5880,9.93426e-13
5900,1.02814e-12
5920,8.81599e-13
5940,1.04655e-12
5960,1.30809e-12
5980,1.3178e-13
6000,3.391e-13
6020,1.40648e-12
6040,7.51972e-13
6060,7.02054e-13
6080,8.07372e-13
6100,5.41626e-13
6120,1.14268e-12
6140,8.24366e-13
6160,2.64632e-13
6180,5.58239e-13
6200,8.24197e-13
6220,6.48749e-13
6240,1.53197e-12
6260,5.50091e-13
6280,1.69742e-12
6300,7.20665e-13
6320,2.3108e-12
6340,8.7689e-13
6360,1.84307e-12
6380,3.62828e-13
6400,1.51912e-12
6420,7.18123e-13
6440,2.74906e-13
6460,1.69366e-12
6480,3.67798e-12
6500,1.10616e-12
6520,2.35949e-12
6540,1.41186e-13
6560,5.28083e-13
6580,2.87696e-13
6600,1.12454e-12
6620,1.49222e-12
6640,1.18797e-12
6660,1.93711e-12
6680,4.65395e-13
6700,1.05252e-12
6720,1.34004e-12
6740,4.20171e-12
6760,3.80137e-13
6780,3.39306e-13
6800,5.96623e-13
6820,1.46863e-12
6840,8.56617e-13
6860,1.15888e-12
6880,1.68599e-12
6900,1.02471e-12
6920,2.29933e-12
6940,4.30353e-13
6960,9.88797e-13
6980,2.00279e-12
7000,6.60352e-13
7020,7.47804e-13
7040,2.06891e-12
7060,1.62803e-12
7080,6.36234e-12
7100,2.0575e-12
7120,3.02175e-12
7140,6.1906e-13
7160,3.47506e-12
7180,9.03744e-13
7200,2.01925e-12
7220,1.03865e-12
7240,1.51035e-12
7260,5.98496e-13
7280,1.42829e-12
7300,4.68159e-13
7320,3.33147e-13
7340,4.72708e-12
7360,1.21235e-12
7380,1.33239e-12
7400,5.43864e-13
7420,3.59715e-12
7440,1.58583e-12
7460,5.50079e-13
7480,1.45705e-12
7500,1.1715e-12
7520,1.76596e-12
7540,5.8844e-13
7560,2.69194e-12
7580,1.15049e-12
7600,2.61238e-12
7620,2.59811e-13
7640,8.21645e-12
7660,3.28626e-12
7680,1.39973e-12
7700,3.73757e-12
7720,1.50616e-12
7740,3.94167e-13
7760,4.75687e-12
7780,1.39588e-12
7800,1.8895e-12
7820,8.64396e-13
7840,9.80512e-14
7860,1.28092e-12
7880,2.36816e-12
7900,2.8666e-12
7920,1.40128e-12
7940,1.09225e-12
7960,2.27458e-12
7980,1.18284e-12
8000,6.72397e-13
8020,8.18035e-13
8040,7.16285e-12
8060,8.61809e-12
8080,1.08993e-12
8100,6.4944e-13
8120,3.31875e-13
8140,4.18611e-13
8160,1.22496e-12
8180,5.18271e-13
8200,3.13555e-12
8220,2.86804e-12
8240,2.29619e-12
8260,2.18423e-12
8280,2.07038e-12
8300,6.89413e-13
8320,1.20119e-12
8340,2.13341e-12
8360,4.71928e-13
8380,7.14064e-13
8400,9.00284e-13
8420,1.43082e-12
8440,7.33339e-13
8460,1.38259e-11
8480,2.05737e-12
8500,7.62555e-13
8520,2.24325e-12
8540,1.12216e-11
8560,1.20946e-12
8580,1.35508e-12
8600,1.08645e-12
8620,6.22571e-13
8640,1.03514e-12
8660,7.23119e-13
8680,3.95129e-13
8700,2.23036e-12
8720,5.09564e-12
8740,8.65003e-13
8760,3.91181e-12
8780,7.06152e-13
8800,8.26891e-13
8820,1.23068e-12
8840,1.30731e-12
8860,4.30418e-13
8880,1.29478e-12
8900,1.37457e-12
8920,2.89295e-12
8940,3.43841e-12
8960,9.38117e-13
8980,2.00469e-12
9000,1.1333e-12
9020,4.80053e-13
9040,8.04469e-13
9060,4.43809e-13
9080,1.42476e-12
9100,1.10409e-12
9120,7.73312e-13
9140,1.60033e-12
9160,1.11704e-12
9180,1.00781e-11
9200,1.49853e-12
9220,1.04181e-12
9240,9.33308e-13
9260,4.45354e-13
9280,2.97735e-13
9300,2.82286e-12
9320,1.50981e-12
9340,7.07322e-12
9360,3.16122e-13
9380,1.34924e-12
9400,1.54149e-12
9420,6.12886e-13
9440,3.60074e-12
9460,3.61158e-13
9480,9.44122e-13
9500,1.09069e-12
9520,1.06796e-12
9540,2.993e-12
9560,1.7549e-12
9580,1.58976e-13
9600,4.61995e-13
9620,2.91586e-12
9640,1.6645e-12
9660,8.93061e-13
9680,2.72498e-13
9700,1.92506e-12
9720,3.3835e-13
9740,3.51852e-12
9760,2.2104e-12
9780,1.62589e-12
9800,4.08131e-13
9820,1.76325e-12
9840,2.88029e-12
9860,1.66173e-12
9880,3.35549e-12
9900,1.76033e-12
9920,4.3186e-13
9940,9.09477e-13
9960,6.77139e-13
9980,1.57312e-12
10000,2.35179e-12
10020,1.24152e-12
10040,8.28489e-13
10060,8.01426e-13
10080,1.75861e-12
10100,2.69855e-12
10120,8.57903e-13
10140,5.5641e-13
10160,1.44798e-12
10180,1.47425e-12
10200,2.36956e-12
10220,1.4012e-12
10240,3.69686e-13
10260,2.86946e-13
10280,6.63559e-13
10300,1.44322e-12
10320,6.95163e-13
10340,1.48274e-12
10360,1.36439e-12
10380,2.4895e-12
10400,1.25298e-12
10420,4.00795e-13
10440,2.00879e-12
10460,6.95801e-13
10480,6.80212e-12
10500,1.46254e-12
10520,1.50133e-12
10540,2.61801e-12
10560,3.16316e-12
10580,1.63484e-12
10600,7.6915e-13
10620,2.72717e-12
10640,9.0804e-13
10660,4.70131e-12
10680,1.88922e-12
10700,5.12525e-13
10720,2.29948e-12
10740,1.46413e-12
10760,5.53463e-13
10780,5.83123e-13
10800,3.8462e-13
10820,5.09721e-13
10840,9.7693e-12
10860,1.36954e-12
10880,3.44378e-13
10900,4.35697e-12
10920,3.81459e-12
10940,5.7372e-13
10960,3.11346e-12
10980,7.26608e-13
11000,2.21752e-12
11020,1.19197e-12
11040,2.7995e-12
11060,3.29179e-12
11080,8.35351e-13
11100,3.52217e-12
11120,1.66881e-12
11140,5.05603e-13
11160,4.70285e-13
11180,5.79468e-13
11200,1.73582e-12
11220,3.10832e-12
11240,3.97712e-12
11260,4.75922e-12
11280,4.26295e-12
11300,4.15198e-12
11320,1.56321e-12
11340,3.72541e-13
11360,6.96872e-12
11380,2.29134e-12
11400,3.24567e-13
11420,1.84441e-12
11440,3.61131e-13
11460,3.4167e-12
11480,2.18456e-12
11500,4.49618e-13
11520,3.19846e-12
11540,1.46085e-12
11560,1.09566e-12
11580,1.02924e-12
11600,4.984e-13
11620,1.93721e-12
11640,2.39358e-12
11660,2.89668e-13
11680,1.49546e-12
11700,1.16401e-12
11720,4.74571e-12
11740,1.64659e-11
11760,6.69609e-13
11780,1.83414e-12
11800,1.75342e-12
11820,6.16904e-13
11840,1.16926e-12
11860,7.71635e-13
11880,2.01396e-12
11900,8.23371e-13
11920,7.44133e-13
11940,2.93292e-12
11960,7.65247e-12
11980,6.68107e-12
12000,6.15831e-12
12020,5.97547e-12
12040,1.144e-11
12060,7.20692e-13
12080,9.39605e-12
12100,2.00535e-12
12120,5.66739e-12
12140,2.11955e-12
12160,3.85138e-12
12180,9.34918e-12
12200,2.22121e-12
12220,1.19498e-12
12240,7.19167e-12
12260,3.56059e-13
12280,6.36947e-12
12300,4.30386e-12
12320,2.16951e-12
12340,1.17406e-12
12360,1.47527e-12
12380,1.3753e-12
12400,3.16295e-12
12420,4.48893e-13
12440,2.80444e-12
12460,1.0579e-12
12480,9.45346e-12
12500,5.64877e-13
12520,1.19159e-12
12540,1.95611e-12
12560,1.24871e-12
12580,1.36812e-12
12600,7.74114e-12
12620,2.20208e-12
12640,7.75575e-13
12660,1.334e-12
12680,9.17065e-13
12700,3.91744e-12
12720,9.16457e-13
12740,2.68437e-13
12760,3.59566e-12
12780,2.08158e-12
12800,2.74156e-12
12820,2.00847e-12
12840,1.31501e-11
12860,2.73343e-12
12880,1.29905e-12
12900,2.11981e-11
12920,1.04561e-12
12940,1.14674e-12
12960,2.45761e-12
12980,7.61212e-12
13000,3.39569e-13
13020,3.44747e-12
13040,2.32828e-12
13060,5.61528e-12
13080,1.30648e-11
13100,4.71676e-13
13120,7.60869e-13
13140,1.30955e-12
13160,1.61257e-12
13180,1.11998e-12
13200,2.56135e-12
13220,1.54515e-12
13240,1.36585e-12
13260,1.42338e-12
13280,1.31043e-11
13300,1.2701e-12
13320,2.50468e-12
13340,1.90552e-12
13360,2.30033e-12
13380,1.74993e-11
13400,5.07048e-12
13420,3.20956e-11
13440,1.69401e-11
13460,1.55332e-12
13480,2.26695e-12
13500,5.76678e-13
13520,8.45462e-13
13540,3.61574e-12
13560,1.87584e-12
13580,1.01405e-11
13600,2.04906e-12
13620,1.83825e-12
13640,2.57792e-12
13660,3.14305e-12
13680,7.8647e-13
13700,2.02268e-12
13720,8.9156e-12
13740,2.62579e-12
13760,2.256e-12
13780,5.49362e-12
13800,2.42193e-12
13820,3.75772e-12
13840,1.90684e-11
13860,4.48641e-12
13880,1.54081e-12
13900,1.47858e-12
13920,5.65885e-12
13940,3.07105e-12
13960,1.73462e-12
13980,9.29249e-13
14000,2.37198e-12
14020,2.71859e-13
14040,5.70493e-12
14060,8.60432e-12
14080,2.3186e-12
14100,3.59006e-13
14120,8.73139e-13
14140,1.37563e-12
14160,3.71679e-12
14180,1.49742e-12
14200,2.84384e-11
14220,1.68822e-12
14240,5.93063e-12
14260,3.20309e-13
14280,5.05133e-13
14300,1.97737e-12
14320,3.43676e-12
14340,2.89957e-12
14360,1.23486e-12
14380,1.52129e-11
14400,2.25843e-12
14420,4.15918e-13
14440,2.94673e-12
14460,7.69522e-14
14480,1.09155e-12
14500,2.83794e-12
14520,2.60512e-12
14540,1.28686e-12
14560,2.87257e-12
14580,6.84074e-12
14600,3.37557e-11
14620,2.2943e-12
14640,1.91417e-12
14660,2.11632e-12
14680,1.63436e-12
14700,2.75342e-12
14720,3.41896e-12
14740,1.30885e-12
14760,3.86394e-12
14780,4.07741e-12
14800,2.02176e-12
14820,6.1446e-13
14840,2.36199e-11
14860,1.96527e-12
14880,9.31705e-12
14900,5.38631e-13
14920,1.16986e-12
14940,4.30685e-12
14960,7.97165e-12
14980,3.00813e-12
15000,1.60753e-12
15020,6.88223e-13
15040,2.66177e-12
15060,1.69599e-12
15080,3.29851e-12
15100,4.16798e-12
15120,2.84214e-11
15140,2.50653e-12
15160,4.68545e-12
15180,4.56603e-12
15200,2.38043e-12
15220,9.48648e-13
15240,1.87009e-12
15260,2.38838e-12
15280,2.63375e-12
15300,5.61558e-12
15320,1.42486e-12
15340,1.94312e-12
15360,1.70763e-12
15380,1.39058e-12
15400,3.93997e-12
15420,1.28185e-12
15440,2.28737e-12
15460,2.05176e-11
15480,3.88546e-12
15500,1.81554e-12
15520,3.79964e-12
15540,5.7061e-12
15560,7.79953e-13
15580,1.58379e-11
15600,4.78874e-12
15620,1.10292e-12
15640,1.41756e-12
15660,1.3499e-12
15680,5.16535e-12
15700,1.27002e-12
15720,2.53691e-12
15740,8.31305e-13
15760,3.2219e-12
15780,1.13895e-11
15800,2.8919e-12
15820,3.03632e-12
15840,4.02265e-12
15860,1.70509e-12
15880,2.08264e-12
15900,1.40522e-12
15920,1.38055e-12
15940,1.89389e-12
15960,3.29632e-12
15980,9.36002e-12
16000,1.49617e-12
16020,1.09379e-12
16040,3.50933e-12
16060,1.22e-12
16080,3.78076e-12
16100,4.6103e-13
16120,5.52821e-12
16140,3.98391e-12
16160,2.67528e-12
16180,4.03399e-13
16200,2.90734e-12
16220,1.04443e-12
16240,6.80571e-12
16260,2.24964e-12
16280,3.07402e-12
16300,1.48496e-12
16320,4.53436e-12
16340,8.46746e-12
16360,1.51411e-12
16380,5.84956e-12
16400,1.09556e-12
16420,2.75792e-12
16440,8.24252e-13
16460,6.22493e-12
16480,1.43712e-12
16500,5.01171e-12
16520,2.41022e-12
16540,6.0876e-12
16560,1.01144e-12
16580,4.66509e-12
16600,2.43217e-12
16620,1.80174e-12
16640,1.71434e-12
16660,2.16044e-12
16680,1.62249e-12
16700,6.6847e-12
16720,5.33953e-12
16740,9.212e-13
16760,3.20068e-12
16780,1.04837e-12
16800,4.18402e-11
16820,4.18447e-12
16840,7.19962e-13
16860,2.64119e-12
16880,7.68066e-13
16900,2.74661e-12
16920,4.37139e-12
16940,2.76863e-12
16960,6.89552e-12
16980,4.33057e-12
17000,3.01724e-12
17020,2.78008e-12
17040,5.09446e-12
17060,2.05867e-12
17080,2.52021e-12
17100,5.77164e-13
17120,2.1784e-12
17140,3.14451e-11
17160,7.66688e-13
17180,2.57891e-12
17200,3.88546e-12
17220,3.84381e-12
17240,2.3866e-13
17260,3.10155e-12
17280,1.45454e-12
17300,1.19192e-12
17320,2.34762e-12
17340,1.64096e-12
17360,8.29549e-12
17380,4.77759e-12
17400,2.33683e-12
17420,2.21994e-12
17440,2.12414e-12
17460,4.85151e-12
17480,3.22537e-12
17500,6.60092e-12
17520,2.95447e-12
17540,1.87329e-12
17560,2.70514e-12
17580,2.02728e-12
17600,3.41718e-12
17620,1.47335e-12
17640,1.69407e-12
17660,9.76287e-13
17680,3.65035e-12
17700,2.71704e-12
17720,2.94565e-12
17740,4.10097e-12
17760,2.98016e-12
17780,4.17725e-13
17800,1.24278e-12
17820,7.20374e-12
17840,3.13092e-11
17860,2.22597e-12
17880,4.29023e-12
17900,1.21792e-12
17920,9.42979e-13
17940,1.97165e-12
17960,3.70048e-12
17980,2.63541e-12
18000,1.17738e-12
18020,1.05522e-11
18040,4.91349e-12
18060,1.73409e-12
18080,1.95391e-12
18100,2.10896e-12
18120,1.99817e-12
18140,3.95993e-12
18160,2.59737e-12
18180,3.16394e-12
18200,8.52824e-12
18220,3.55547e-13
18240,1.20185e-12
18260,1.21775e-12
18280,5.73402e-13
18300,4.31923e-12
18320,7.38405e-12
18340,2.47122e-12
18360,2.70781e-12
18380,1.91627e-12
18400,4.58451e-12
18420,3.04404e-12
18440,7.34617e-12
18460,1.92797e-11
18480,3.98819e-11
18500,7.29843e-13
18520,5.35828e-13
18540,6.11346e-13
18560,9.63729e-13
18580,4.06633e-13
18600,2.42249e-12
18620,1.04702e-12
18640,1.37458e-12
18660,2.71127e-12
18680,2.32907e-12
18700,2.41591e-12
18720,2.00666e-12
18740,4.57311e-12
18760,1.24607e-12
18780,1.11796e-12
18800,2.90289e-12
18820,4.83536e-12
18840,2.85746e-12
18860,1.11007e-12
18880,1.52422e-12
18900,3.82158e-12
18920,1.22964e-11
18940,1.5777e-12
18960,4.53221e-12
18980,1.0582e-12
19000,2.47304e-12
19020,4.43955e-12
19040,7.86009e-13
19060,3.60797e-12
19080,1.20325e-12
19100,4.48455e-12
19120,3.6456e-12
19140,1.02237e-11
19160,9.00446e-13
19180,4.30989e-12
19200,3.5452e-12
19220,1.66786e-12
19240,6.06584e-13
19260,3.40874e-12
19280,1.76608e-12
19300,3.79954e-12
19320,5.40436e-12
19340,1.55585e-12
19360,1.03493e-11
19380,8.00856e-13
19400,2.09239e-12
19420,3.7824e-12
19440,2.30255e-12
19460,1.39809e-12
19480,3.30326e-12
19500,1.41111e-12
19520,2.06974e-12
19540,2.54145e-12
19560,1.67271e-12
19580,2.77068e-12
19600,2.26996e-12
19620,2.13709e-12
19640,1.90724e-12
19660,1.02456e-12
19680,9.46948e-12
19700,9.67791e-12
19720,5.22283e-12
19740,1.89092e-12
19760,1.66828e-12
19780,2.70196e-12
19800,2.20379e-12
19820,2.34812e-12
19840,3.33306e-12
19860,3.59975e-12
19880,8.4327e-12
19900,3.79274e-12
19920,6.42957e-12
19940,5.21701e-12
19960,2.4607e-12
19980,1.24372e-12
20000,1.78794e-12
20020,2.15979e-11
20040,2.70309e-12
20060,1.26278e-12
20080,6.06611e-12
20100,1.20605e-12
20120,1.01174e-11
20140,3.31627e-12
20160,7.79685e-12
20180,1.25171e-12
20200,2.30172e-12
20220,1.76267e-12
20240,1.19914e-11
20260,3.13343e-12
20280,1.02261e-12
20300,7.45792e-12
20320,1.18338e-12
20340,3.81552e-12
20360,4.58304e-12
20380,1.15473e-12
20400,4.86055e-12
20420,2.17375e-12
20440,4.2074e-12
20460,6.36046e-12
20480,1.17229e-12
20500,7.92436e-12
20520,2.63617e-12
20540,1.34453e-12
20560,7.7992e-12
20580,2.36859e-12
20600,1.76121e-12
20620,3.24741e-12
20640,2.33308e-12
20660,5.89814e-12
20680,3.86259e-12
20700,2.15371e-12
20720,5.34034e-12
20740,6.14279e-13
20760,6.7306e-12
20780,3.64136e-12
20800,1.04644e-11
20820,1.74109e-12
20840,1.81445e-12
20860,6.2805e-12
20880,2.49221e-12
20900,1.20231e-12
20920,3.1945e-12
20940,2.55959e-12
20960,2.1625e-12
20980,1.33955e-12
21000,6.73487e-12
21020,1.67848e-12
21040,2.43951e-13
21060,5.03705e-12
21080,7.12213e-12
21100,5.24345e-12
21120,1.76324e-11
21140,3.56598e-12
21160,4.66717e-12
21180,2.73629e-12
21200,2.55123e-12
21220,4.19778e-12
21240,5.20101e-13
21260,2.13684e-12
21280,1.50386e-12
21300,1.48761e-12
21320,3.01912e-11
21340,6.17139e-12
21360,1.72697e-12
21380,5.56797e-12
21400,3.92876e-12
21420,2.5956e-12
21440,2.68515e-12
21460,1.03951e-11
21480,2.119e-12
21500,5.33535e-12
21520,5.73656e-12
21540,2.9689e-12
21560,1.51478e-12
21580,1.63217e-11
21600,2.27613e-12
21620,2.30588e-12
21640,2.50072e-12
21660,9.73457e-13
21680,7.10195e-12
21700,2.52719e-12
21720,3.65639e-12
21740,2.79209e-12
21760,7.1758e-13
21780,4.13536e-12
21800,2.13499e-12
21820,1.67351e-12
21840,1.53921e-11
21860,3.28521e-12
21880,5.68525e-12
21900,2.53513e-12
21920,3.61352e-12
21940,5.88666e-12
21960,5.37589e-12
21980,9.30415e-12
22000,1.75716e-11
22020,2.3923e-12
22040,3.80814e-12
22060,4.21425e-12
22080,3.14978e-12
22100,2.41392e-12
22120,4.59016e-12
22140,4.93234e-12
22160,2.70796e-12
22180,5.17908e-12
22200,4.78858e-12
22220,7.15226e-12
22240,2.17751e-12
22260,9.55524e-12
22280,3.0926e-12
22300,1.39668e-12
22320,8.39636e-12
22340,2.04006e-12
22360,3.0749e-12
22380,6.51723e-12
22400,1.60155e-12
22420,1.57132e-12
22440,8.58098e-13
22460,3.84484e-12
22480,1.03795e-11
22500,4.26087e-13
22520,2.87636e-12
22540,1.26372e-11
22560,1.64585e-12
22580,2.41218e-12
22600,4.01279e-12
22620,2.12861e-12
22640,4.15298e-12
22660,3.93543e-12
22680,2.08525e-12
22700,2.26958e-11
22720,1.10729e-11
22740,1.709e-12
22760,1.95833e-12
22780,1.04477e-11
22800,7.52594e-13
22820,2.28881e-12
22840,1.22547e-12
22860,3.38246e-12
22880,2.46957e-11
22900,1.14189e-12
22920,2.07749e-12
22940,2.1427e-12
22960,4.29622e-12
22980,2.31936e-12
23000,3.83879e-11
23020,2.9931e-12
23040,3.7646e-13
23060,3.82488e-11
23080,5.05762e-12
23100,3.17812e-12
23120,8.07515e-13
23140,3.66258e-12
23160,2.05174e-12
23180,4.03503e-12
23200,1.20739e-12
23220,5.8693e-12
23240,3.62319e-12
23260,1.96991e-12
23280,2.3062e-12
23300,1.08702e-11
23320,9.60868e-13
23340,3.45009e-12
23360,2.33602e-12
23380,1.19028e-12
23400,1.9488e-12
23420,2.11529e-12
23440,3.75016e-12
23460,1.33203e-12
23480,1.91766e-12
23500,9.30311e-13
23520,5.29423e-12
23540,2.07496e-12
23560,4.36842e-12
23580,9.26543e-12
23600,2.15452e-12
23620,4.0977e-12
23640,4.71992e-12
23660,3.24326e-12
23680,5.36904e-12
23700,2.58033e-12
23720,2.46853e-12
23740,3.65203e-12
23760,2.24704e-11
23780,2.31016e-12
23800,1.0908e-12
23820,1.30621e-12
23840,7.97524e-13
23860,4.4701e-12
23880,6.22281e-12
23900,4.08197e-12
23920,1.88194e-12
23940,2.30854e-12
23960,8.39882e-13
23980,3.19917e-12
24000,4.54689e-12
24020,1.55398e-12
24040,1.16719e-11
24060,7.13129e-13
24080,1.4543e-12
24100,9.28515e-13
24120,3.9338e-12
24140,7.17512e-12
24160,3.72187e-12
24180,4.95006e-12
24200,8.73142e-12
24220,1.02316e-12
24240,5.72305e-11
24260,1.73687e-12
24280,3.68005e-12
24300,2.06997e-12
24320,4.12149e-11
24340,1.83892e-12
24360,2.33058e-11
24380,1.62797e-12
24400,2.49793e-12
24420,5.40409e-12
24440,1.1204e-12
24460,5.08485e-12
24480,4.00096e-12
24500,3.99403e-12
24520,2.99431e-12
24540,1.55508e-12
24560,3.62451e-12
24580,3.15011e-12
24600,5.86258e-12
24620,3.84168e-13
24640,2.31368e-11
24660,6.52225e-12
24680,5.97575e-12
24700,1.11606e-12
24720,5.71055e-12
24740,6.7909e-11
24760,1.26185e-11
24780,2.46656e-12
24800,1.90885e-12
24820,7.28163e-12
24840,4.95675e-12
24860,6.77682e-12
24880,5.16986e-13
24900,2.18609e-12
24920,3.12645e-12
24940,5.14063e-12
24960,1.09653e-11
24980,1.34531e-12
25000,1.50048e-11
25020,4.39569e-12
25040,6.06147e-12
25060,3.55426e-12
25080,2.36867e-12
25100,4.81726e-12
25120,3.25054e-12
25140,1.74156e-12
25160,1.1511e-11
25180,2.24436e-12
25200,1.36807e-11
25220,6.5876e-11
25240,5.12943e-12
25260,9.16179e-12
25280,4.6889e-12
25300,1.466e-12
25320,1.20497e-12
25340,3.87733e-12
25360,2.59372e-12
25380,3.78375e-12
25400,1.10078e-12
25420,4.94273e-12
25440,1.37121e-12
25460,3.29656e-12
25480,1.44761e-12
25500,7.48979e-12
25520,9.49547e-12
25540,3.52221e-12
25560,4.02363e-12
25580,2.43975e-12
25600,7.88238e-12
25620,1.34624e-11
25640,1.52132e-12
25660,6.79469e-12
25680,1.84596e-11
25700,2.36524e-12
25720,5.03747e-13
25740,3.46585e-12
25760,5.12049e-12
25780,1.07806e-11
25800,9.26366e-13
25820,4.41069e-12
25840,6.60961e-12
25860,2.16255e-12
25880,2.36686e-12
25900,1.30717e-11
25920,3.86113e-12
25940,6.59645e-12
25960,3.46445e-12
25980,2.64777e-12
26000,8.65356e-13
26020,1.57973e-12
26040,6.12527e-12
26060,2.27736e-12
26080,2.2513e-12
26100,1.93291e-12
26120,6.17799e-12
26140,3.647e-12
26160,1.38714e-11
26180,1.45337e-11
26200,2.31003e-12
26220,1.78925e-12
26240,3.43514e-12
26260,2.18493e-12
26280,8.4701e-12
26300,1.5627e-12
26320,5.42753e-12
26340,5.95196e-12
26360,1.97315e-12
26380,1.68875e-11
26400,2.30337e-11
26420,5.53731e-11
26440,1.42377e-12
26460,1.97913e-12
26480,2.61191e-11
26500,3.24429e-12
26520,3.10718e-12
26540,7.66258e-12
26560,5.37354e-13
26580,7.94441e-12
26600,5.42527e-14
26620,7.61714e-12
26640,8.3018e-12
26660,4.59059e-12
26680,5.12376e-12
26700,2.41055e-12
26720,1.34425e-12
26740,2.55355e-12
26760,7.53651e-12
26780,8.06877e-12
26800,8.93933e-12
26820,8.56842e-12
26840,3.33796e-12
26860,3.63499e-12
26880,7.82925e-12
26900,2.46063e-12
26920,3.16081e-12
26940,3.09633e-12
26960,1.40102e-12
26980,4.12214e-12
27000,7.87999e-12
27020,6.868e-12
27040,2.39101e-12
27060,6.01989e-12
27080,3.22958e-12
27100,1.86784e-12
27120,3.02706e-12
27140,7.42714e-12
27160,1.08507e-11
27180,1.0897e-11
27200,9.61521e-12
27220,6.64088e-12
27240,1.19494e-11
27260,1.50701e-11
27280,5.87362e-12
27300,3.68598e-12
27320,1.45375e-12
27340,4.37855e-12
27360,4.33e-12
27380,9.23222e-12
27400,1.46846e-11
27420,8.7951e-12
27440,7.71796e-12
27460,5.35579e-12
27480,1.19925e-11
27500,6.5562e-12
27520,5.25379e-12
27540,9.69434e-13
27560,1.55392e-11
27580,5.13616e-12
27600,7.17147e-13
27620,1.47792e-12
27640,3.92104e-12
27660,1.64327e-12
27680,4.67422e-12
27700,1.48691e-11
27720,1.37977e-12
27740,2.05825e-12
27760,1.93541e-12
27780,3.51564e-11
27800,1.65498e-12
27820,8.68667e-12
27840,6.2242e-12
27860,3.26615e-12
27880,5.08506e-12
27900,2.92469e-12
27920,8.32744e-12
27940,3.93992e-11
27960,9.47961e-13
27980,2.45505e-12
28000,1.03787e-11
28020,6.10967e-12
28040,2.48038e-12
28060,2.18827e-12
28080,5.23934e-12
28100,3.36215e-11
28120,1.75064e-12
28140,3.9683e-12
28160,7.66813e-12
28180,1.80329e-11
28200,1.80552e-12
28220,5.00012e-12
28240,1.08456e-11
28260,8.17967e-12
28280,4.41859e-12
28300,1.37403e-12
28320,4.87658e-12
28340,3.64906e-12
28360,4.98024e-12
28380,1.85638e-12
28400,1.6396e-12
28420,1.43939e-12
28440,7.23524e-12
28460,6.26694e-12
28480,2.98192e-12
28500,1.19255e-12
28520,6.52294e-12
28540,1.80446e-12
28560,1.6264e-12
28580,1.67086e-11
28600,3.33361e-12
28620,7.70009e-12
28640,3.80532e-12
28660,4.46603e-12
28680,2.25413e-12
28700,9.94539e-12
28720,2.03661e-12
28740,4.1424e-12
28760,3.2265e-12
28780,1.36364e-12
28800,3.84517e-12
28820,6.41449e-12
28840,2.72067e-12
28860,1.64193e-11
28880,2.6916e-12
28900,1.19551e-12
28920,3.36656e-12
28940,5.8489e-12
28960,2.68263e-12
28980,1.78965e-11
29000,2.26566e-12
29020,3.06043e-12
29040,4.76219e-12
29060,7.03055e-12
29080,1.23566e-12
29100,7.75779e-12
29120,3.46204e-12
29140,2.8554e-12
29160,4.13397e-12
29180,7.42194e-12
29200,2.94113e-11
29220,9.47411e-11
29240,3.59255e-12
29260,5.87544e-12
29280,4.56173e-12
29300,1.74738e-11
29320,5.86679e-11
29340,4.18948e-12
29360,1.08605e-11
29380,1.5215e-12
29400,5.50042e-12
29420,1.19006e-11
29440,1.50263e-12
29460,2.98524e-12
29480,2.37882e-12
29500,1.50302e-12
29520,5.11646e-13
29540,2.64939e-12
29560,1.04633e-11
29580,5.63983e-12
29600,7.62709e-12
29620,1.53632e-12
29640,2.53871e-12
29660,2.95893e-12
29680,3.72208e-11
29700,3.97203e-12
29720,4.23975e-12
29740,1.19202e-11
29760,2.69712e-12
29780,3.28969e-11
29800,5.7912e-13
29820,4.31768e-12
29840,4.45752e-12
29860,4.18298e-12
29880,1.69116e-11
29900,3.36405e-12
29920,9.37051e-12
29940,5.19154e-11
29960,1.74935e-12
29980,4.96471e-12
30000,3.93571e-12
30020,4.76381e-12
30040,1.46317e-12
30060,3.77565e-12
30080,1.16052e-11
30100,2.26174e-12
30120,2.0333e-12
30140,1.0295e-11
30160,2.47418e-12
30180,3.05756e-11
30200,7.35187e-12
30220,5.79832e-12
30240,3.97281e-12
30260,4.22397e-12
30280,1.23387e-12
30300,1.07704e-12
30320,4.80049e-12
30340,5.68008e-12
30360,4.08698e-12
30380,2.89731e-12
30400,7.24492e-12
30420,3.15396e-12
30440,4.78916e-11
30460,4.06295e-12
30480,4.92546e-12
30500,2.96551e-12
30520,4.35461e-12
30540,9.3463e-13
30560,6.83417e-12
30580,1.05246e-11
30600,6.10081e-12
30620,1.2802e-11
30640,3.75391e-12
30660,1.75885e-11
30680,6.91353e-12
30700,9.73129e-12
30720,4.29109e-12
30740,1.02168e-11
30760,1.39015e-12
30780,3.95664e-11
30800,6.9205e-12
30820,2.04664e-12
30840,1.35979e-12
30860,1.47321e-12
30880,4.77107e-12
30900,4.8615e-11
30920,2.15969e-12
30940,7.61819e-12
30960,2.88677e-12
30980,3.67061e-11
31000,8.58064e-12
31020,3.26961e-12
31040,1.41933e-12
31060,3.62071e-12
31080,8.84456e-12
31100,4.10882e-11
31120,5.2977e-12
31140,2.074e-11
31160,1.60903e-12
31180,3.71539e-12
31200,6.09729e-12
31220,8.4537e-12
31240,6.88087e-12
31260,1.90617e-12
31280,4.26022e-12
31300,9.62962e-12
31320,5.40237e-12
31340,2.24398e-12
31360,2.413e-12
31380,5.88515e-12
31400,2.26073e-12
31420,8.27978e-12
31440,3.71911e-12
31460,9.88114e-12
31480,7.62498e-12
31500,2.74608e-12
31520,3.29011e-12
31540,1.15565e-11
31560,1.12071e-11
31580,1.23968e-12
31600,1.34091e-12
31620,4.02901e-13
31640,8.09931e-12
31660,3.90865e-12
31680,1.5863e-11
31700,2.61663e-12
31720,1.00081e-12
31740,1.74703e-12
31760,7.69078e-12
31780,6.34677e-12
31800,6.17206e-12
31820,1.13308e-12
31840,3.77104e-12
31860,1.58682e-12
31880,2.08684e-11
31900,1.26115e-12
31920,1.79722e-11
31940,3.12822e-12
31960,3.29521e-11
31980,1.1451e-11
32000,6.91224e-12
32020,1.7971e-12
32040,8.33682e-13
32060,2.3179e-12
32080,3.0898e-12
32100,9.93979e-12
32120,6.56924e-12
32140,8.15021e-12
32160,2.10199e-12
32180,3.16389e-12
32200,4.31537e-11
32220,3.11423e-12
32240,1.52484e-12
32260,7.77498e-12
32280,9.62945e-12
32300,3.83018e-12
32320,4.42791e-12
32340,2.31704e-11
32360,3.36845e-12
32380,2.33756e-12
32400,3.52046e-12
32420,1.12878e-11
32440,1.1177e-11
32460,3.83781e-12
32480,2.24833e-12
32500,3.1807e-12
32520,1.93859e-12
32540,5.66405e-12
32560,1.80582e-11
32580,2.8274e-12
32600,4.84067e-12
32620,5.9843e-12
32640,4.38341e-12
32660,4.37228e-12
32680,8.64224e-13
32700,1.11491e-11
32720,1.05222e-11
32740,3.85639e-11
32760,4.55435e-12
32780,7.16427e-13
32800,1.09483e-12
32820,5.45281e-12
32840,3.26019e-13
32860,1.67123e-11
32880,6.31601e-13
32900,7.34919e-12
32920,4.41586e-12
32940,3.83089e-12
32960,2.7587e-12
32980,6.18913e-12
33000,9.70854e-12
33020,5.01433e-12
33040,5.67051e-12
33060,1.08419e-11
33080,1.0267e-11
33100,8.08691e-13
33120,1.00039e-12
33140,9.80825e-12
33160,3.18792e-12
33180,4.409e-11
33200,5.5175e-12
33220,5.08644e-11
33240,5.05898e-12
33260,3.74308e-12
33280,4.2461e-12
33300,3.46134e-12
33320,2.96608e-12
33340,1.98488e-12
33360,1.04648e-11
33380,5.26791e-12
33400,4.29467e-12
33420,1.20618e-12
33440,3.98086e-12
33460,1.21575e-12
33480,6.70868e-12
33500,2.90297e-12
33520,1.58179e-12
33540,3.55677e-12
33560,1.99844e-12
33580,1.14241e-11
33600,1.01645e-11
33620,9.39376e-12
33640,5.13318e-12
33660,3.45008e-12
33680,4.1987e-11
33700,5.32703e-12
33720,1.74905e-12
33740,6.42208e-13
33760,3.32783e-12
33780,2.90074e-12
33800,7.86106e-12
33820,6.04429e-11
33840,2.0406e-12
33860,4.37491e-12
33880,1.58601e-11
33900,4.02717e-12
33920,1.26643e-11
33940,1.53542e-12
33960,6.42027e-12
33980,6.58268e-12
34000,2.75373e-12
34020,2.69107e-11
34040,9.50376e-12
34060,4.56181e-12
34080,4.25462e-12
34100,4.25893e-12
34120,3.15946e-12
34140,1.25103e-11
34160,3.94638e-12
34180,1.33937e-11
34200,5.55064e-13
34220,4.49387e-12
34240,6.63073e-12
34260,1.24328e-11
34280,2.20953e-12
34300,4.3012e-12
34320,4.84717e-12
34340,8.73681e-12
34360,1.5937e-12
34380,4.1672e-12
34400,4.22981e-12
34420,5.937e-12
34440,6.23677e-12
34460,3.16761e-12
34480,1.65281e-12
34500,3.34145e-12
34520,6.82023e-11
34540,4.16956e-12
34560,5.74324e-11
34580,6.16179e-12
34600,8.65302e-12
34620,1.84077e-11
34640,4.37687e-12
34660,3.83233e-12
34680,6.52397e-13
34700,1.09992e-11
34720,3.71499e-11
34740,2.23683e-12
34760,4.19661e-12
34780,1.50777e-12
34800,7.0552e-12
34820,8.84201e-12
34840,5.61577e-12
34860,3.49785e-11
34880,1.18768e-11
34900,3.44631e-12
34920,1.92533e-12
34940,3.19935e-12
34960,6.29518e-12
34980,7.43389e-12
35000,6.49601e-12
35020,5.4336e-12
35040,4.3034e-12
35060,5.46786e-12
35080,5.40552e-12
35100,1.40436e-11
35120,1.36868e-12
35140,3.54386e-12
35160,7.3382e-12
35180,1.10189e-12
35200,1.23492e-11
35220,9.17918e-13
35240,4.38074e-12
35260,1.95712e-12
35280,4.82144e-12
35300,4.14269e-12
35320,4.49735e-12
35340,2.14373e-11
35360,1.41605e-12
35380,4.95013e-12
35400,2.32389e-12
35420,1.56917e-12
35440,1.63096e-12
35460,1.82054e-12
35480,6.71287e-12
35500,8.68133e-12
35520,6.16512e-12
35540,9.73271e-12
35560,3.2507e-12
35580,2.95611e-12
35600,7.48807e-12
35620,2.60069e-12
35640,1.32246e-11
35660,1.02986e-11
35680,2.42042e-12
35700,2.06141e-11
35720,9.99638e-12
35740,4.23868e-12
35760,4.51808e-12
35780,8.01859e-13
35800,7.74781e-12
35820,4.41551e-12
35840,4.75485e-12
35860,5.67174e-12
35880,8.06326e-12
35900,4.50639e-12
35920,3.4568e-12
35940,5.23322e-12
35960,1.70943e-11
35980,6.6412e-13
36000,7.05086e-12
36020,9.21527e-13
36040,2.95121e-11
36060,5.43669e-12
36080,3.84102e-13
36100,8.96781e-12
36120,6.72871e-12
36140,1.67566e-11
36160,2.50642e-12
36180,2.88272e-12
36200,4.95968e-12
36220,1.56952e-11
36240,6.32314e-12
36260,9.14344e-12
36280,2.05307e-12
36300,5.05496e-12
36320,2.92523e-12
36340,5.87715e-12
36360,4.07781e-12
36380,8.48054e-12
36400,1.91015e-11
36420,1.56968e-11
36440,3.97338e-12
36460,9.6251e-12
36480,6.54257e-12
36500,1.08526e-11
36520,4.44923e-12
36540,1.4192e-11
36560,6.96061e-12
36580,6.36967e-12
36600,1.88808e-11
36620,4.33056e-12
36640,1.29214e-11
36660,6.48923e-12
36680,3.98447e-13
36700,5.89385e-12
36720,6.03446e-12
36740,8.18518e-12
36760,3.17835e-12
36780,2.92685e-12
36800,1.29073e-11
36820,2.0999e-12
36840,2.91947e-11
36860,7.77535e-12
36880,4.46518e-12
36900,1.87939e-12
36920,2.36862e-12
36940,1.56645e-11
36960,8.36667e-13
36980,2.39758e-12
37000,1.00462e-11
37020,5.44993e-12
37040,1.61441e-11
37060,3.30202e-12
37080,2.12534e-12
37100,1.71287e-12
37120,2.75839e-12
37140,6.95355e-12
37160,8.79625e-12
37180,3.81453e-12
37200,1.37091e-11
37220,2.29954e-11
37240,1.01714e-11
37260,3.35045e-12
37280,1.44685e-12
37300,8.52002e-13
37320,1.71874e-12
37340,7.07926e-12
37360,1.06171e-11
37380,2.84263e-12
37400,3.50083e-12
37420,7.69501e-12
37440,5.7912e-12
37460,1.01047e-11
37480,5.626e-12
37500,7.77597e-13
37520,7.03903e-12
37540,2.53766e-12
37560,2.15623e-12
37580,1.75287e-12
37600,3.64079e-12
37620,5.50708e-12
37640,5.46453e-13
37660,2.436e-12
37680,4.97443e-12
37700,3.48355e-12
37720,1.09063e-11
37740,4.86921e-12
37760,8.53978e-12
37780,4.25527e-13
37800,5.15947e-12
37820,6.91477e-12
37840,6.28705e-12
37860,2.41524e-11
37880,1.40779e-11
37900,1.09475e-11
37920,5.9152e-12
37940,4.03194e-11
37960,9.2446e-12
37980,9.02206e-12
38000,1.39166e-11
38020,2.49409e-11
38040,4.72817e-12
38060,2.87106e-12
38080,6.38823e-12
38100,4.02518e-12
38120,8.05547e-13
38140,1.57121e-11
38160,3.79089e-12
38180,1.23617e-11
38200,3.42205e-12
38220,6.70989e-12
38240,5.81835e-12
38260,9.96077e-12
38280,5.38179e-12
38300,2.11169e-11
38320,1.9961e-11
38340,4.84245e-12
38360,9.89352e-12
38380,9.03837e-12
38400,1.54587e-11
38420,1.60622e-12
38440,1.98745e-11
38460,3.46412e-12
38480,5.61041e-12
38500,2.38922e-12
38520,2.98521e-12
38540,8.21476e-12
38560,5.59619e-12
38580,2.80379e-11
38600,5.17892e-12
38620,4.88606e-11
38640,1.99067e-12
38660,1.03599e-11
38680,7.29048e-12
38700,5.22257e-12
38720,5.90901e-12
38740,8.37699e-12
38760,1.44728e-11
38780,1.47823e-12
38800,1.74905e-11
38820,1.49704e-11
38840,9.54983e-12
38860,5.92601e-12
38880,1.17411e-11
38900,8.56448e-12
38920,9.78872e-12
38940,2.94114e-12
38960,9.44029e-11
38980,6.27327e-12
39000,3.07065e-12
39020,1.89183e-12
39040,5.25483e-12
39060,5.68315e-12
39080,5.14366e-12
39100,3.06429e-12
39120,6.42093e-12
39140,1.37697e-11
39160,1.28509e-11
39180,8.97477e-12
39200,6.39474e-11
39220,8.24595e-12
39240,9.2492e-12
39260,1.06773e-11
39280,3.33521e-12
39300,2.20374e-11
39320,2.41273e-12
39340,3.02127e-12
39360,6.69786e-11
39380,4.02996e-12
39400,5.89321e-12
39420,2.77756e-12
39440,8.71942e-12
39460,4.36575e-12
39480,3.2258e-12
39500,3.01049e-12
39520,3.9824e-12
39540,3.19127e-12
39560,8.86507e-12
39580,7.58642e-12
39600,1.1995e-11
39620,5.30209e-12
39640,4.94062e-12
39660,6.41904e-12
39680,9.16006e-12
39700,1.17372e-11
39720,4.8009e-12
39740,1.26906e-11
39760,6.10198e-12
39780,4.01199e-12
39800,5.21003e-12
39820,1.62525e-11
39840,1.26457e-11
39860,1.49464e-11
39880,1.97619e-12
39900,2.50956e-12
39920,1.13205e-11
39940,2.0831e-12
39960,4.2386e-12
39980,8.86982e-12
40000,1.67646e-11
40020,6.99881e-12
40040,4.61562e-12
40060,1.08099e-11
40080,1.04795e-11
40100,5.99448e-12
40120,3.3019e-12
40140,6.66799e-12
40160,8.20311e-12
40180,3.02986e-11
40200,1.47094e-12
40220,2.80758e-12
40240,1.04668e-11
40260,4.58812e-12
40280,1.09648e-11
40300,1.17594e-12
40320,8.82775e-12
40340,1.14321e-11
40360,7.6543e-12
40380,8.89483e-13
40400,1.01394e-11
40420,1.22313e-12
40440,1.11177e-11
40460,7.47741e-12
40480,4.41917e-12
40500,9.78339e-12
40520,4.59134e-12
40540,3.39349e-12
40560,6.87831e-12
40580,1.04679e-11
40600,4.4653e-11
40620,1.00875e-11
40640,5.05461e-12
40660,2.20829e-12
40680,6.59542e-13
40700,1.09503e-12
40720,1.01688e-12
40740,1.27392e-10
40760,4.42561e-12
40780,9.81099e-12
40800,4.75872e-12
40820,4.30396e-12
40840,8.64928e-11
40860,3.96183e-11
40880,9.31451e-12
40900,2.98836e-12
40920,7.73428e-12
40940,2.09295e-12
40960,4.551e-12
40980,7.407e-12
41000,3.87541e-12
41020,1.90993e-12
41040,1.24366e-12
41060,6.54195e-11
41080,6.68816e-12
41100,2.86939e-12
41120,8.8507e-11
41140,3.44898e-12
41160,6.0958e-12
41180,8.30167e-13
41200,2.26539e-11
41220,3.80178e-11
41240,1.48088e-12
41260,5.77308e-12
41280,6.02383e-12
41300,4.43529e-12
41320,1.11714e-11
41340,2.17711e-12
41360,1.69614e-11
41380,1.21815e-11
41400,9.83004e-12
41420,8.80993e-12
41440,4.85896e-12
41460,8.66877e-12
41480,3.16114e-12
41500,3.65374e-12
41520,6.26913e-12
41540,1.44546e-11
41560,6.3519e-12
41580,4.14907e-11
41600,3.7469e-12
41620,6.65443e-12
41640,1.57468e-12
41660,9.6938e-12
41680,4.64185e-12
41700,2.40275e-11
41720,5.57991e-12
41740,4.09829e-12
41760,8.18087e-12
41780,2.18047e-11
41800,8.78929e-12
41820,7.28154e-12
41840,1.76304e-11
41860,8.08697e-12
41880,6.39182e-12
41900,3.45376e-11
41920,6.0514e-13
41940,3.04915e-12
41960,5.57947e-12
41980,1.26394e-11
42000,8.2027e-12
42020,3.65221e-12
42040,4.93306e-12
42060,3.344e-12
42080,3.61952e-12
42100,1.86707e-12
42120,1.07566e-11
42140,2.07054e-12
42160,4.03129e-12
42180,4.10641e-12
42200,7.42268e-12
42220,1.34166e-11
42240,7.43077e-12
42260,1.62448e-11
42280,1.02337e-11
42300,1.46381e-11
42320,1.03303e-11
42340,1.91726e-11
42360,3.26336e-12
42380,1.66931e-12
42400,7.34921e-12
42420,6.67923e-13
42440,5.8902e-12
42460,3.99226e-12
42480,2.6347e-12
42500,2.08364e-11
42520,9.87065e-13
42540,5.36441e-12
42560,5.11601e-12
42580,1.28961e-12
42600,1.13855e-11
42620,3.25243e-12
42640,7.59499e-12
42660,1.03797e-11
42680,6.54162e-12
42700,5.93886e-13
42720,6.21468e-12
42740,2.96446e-12
42760,1.19987e-11
42780,1.75651e-12
42800,5.93228e-12
42820,2.21248e-12
42840,4.04783e-12
42860,6.90972e-12
42880,4.70443e-12
42900,4.00348e-11
42920,9.40193e-11
42940,1.88706e-12
42960,2.57346e-12
42980,5.99769e-12
43000,2.27218e-12
43020,7.57802e-13
43040,5.22317e-12
43060,9.11687e-12
43080,7.43006e-12
43100,2.07793e-12
43120,8.99608e-12
43140,5.2667e-12
43160,1.17181e-11
43180,7.67049e-12
43200,1.77401e-12
43220,5.80755e-12
43240,6.67605e-12
43260,3.62185e-12
43280,7.44114e-12
43300,6.03966e-12
43320,1.06461e-12
43340,5.36712e-12
43360,1.89114e-11
43380,5.07334e-12
43400,6.69197e-12
43420,2.27902e-12
43440,3.95869e-12
43460,4.12683e-12
43480,1.5321e-11
43500,5.60293e-12
43520,7.82271e-11
43540,7.23792e-12
43560,3.07314e-12
43580,6.54017e-12
43600,5.51815e-12
43620,2.43595e-12
43640,1.53588e-11
43660,4.80772e-11
43680,7.98274e-12
43700,1.23256e-11
43720,1.98374e-11
43740,2.3925e-11
43760,2.06663e-11
43780,2.94763e-12
43800,5.53262e-11
43820,3.72391e-11
43840,1.23245e-11
43860,1.9017e-10
43880,1102.5
43900,3.96153e-11
43920,8.95519e-11
43940,1.81266e-11
43960,1.26686e-11
43980,3.79614e-11
44000,2.30373e-11
44020,4.56916e-11
44040,2.46901e-11
44060,3.85305e-11
44080,4.08817e-11
